ProviderNa,Organizati,Organiza_1,Monitoring,Monitori_1,Monitori_2,ResolvedMo,HUCEightDi,siteUrl,activityCo,resultCoun,StateName,CountyName,lat,lon,Country,Type,NameEn,AreaSqKm
STORET,1VTDECWQ,Vermont Dept of Environmental Conservation,1VTDECWQ-500458,Main Section - Lake Champlain,Lake,"Lake, Reservoir, Impoundment",4150408,https://www.waterqualitydata.us/provider/STORET/1VTDECWQ/1VTDECWQ-500458/,3192,3192,New York,Essex County,44.4711,-73.2992,USA-CAN,Lake / Lago / Lac,Lake Champlain,1117.76
STORET,1VTDECWQ,Vermont Dept of Environmental Conservation,1VTDECWQ-503485,Northeast Arm - Lake Champlain,Lake,"Lake, Reservoir, Impoundment",4150408,https://www.waterqualitydata.us/provider/STORET/1VTDECWQ/1VTDECWQ-503485/,3028,3028,Vermont,Chittenden County,44.7081,-73.2269,USA-CAN,Lake / Lago / Lac,Lake Champlain,1117.76
STORET,1VTDECWQ,Vermont Dept of Environmental Conservation,1VTDECWQ-500470,Isle La Motte - Lake Champlain,Lake,"Lake, Reservoir, Impoundment",4150408,https://www.waterqualitydata.us/provider/STORET/1VTDECWQ/1VTDECWQ-500470/,2958,2958,New York,Clinton County,44.7561,-73.355,USA-CAN,Lake / Lago / Lac,Lake Champlain,1117.76
STORET,1VTDECWQ,Vermont Dept of Environmental Conservation,1VTDECWQ-500451,Otter Creek Section - Lake Champlain,Lake,"Lake, Reservoir, Impoundment",4150408,https://www.waterqualitydata.us/provider/STORET/1VTDECWQ/1VTDECWQ-500451/,2890,2890,Vermont,Addison County,44.2422,-73.3292,USA-CAN,Lake / Lago / Lac,Lake Champlain,1117.76
STORET,1VTDECWQ,Vermont Dept of Environmental Conservation,1VTDECWQ-500449,Port Henry Section - Lake Champlain,Lake,"Lake, Reservoir, Impoundment",4150408,https://www.waterqualitydata.us/provider/STORET/1VTDECWQ/1VTDECWQ-500449/,2840,2840,Vermont,Addison County,44.1261,-73.4128,USA-CAN,Lake / Lago / Lac,Lake Champlain,1117.76
STORET,1VTDECWQ,Vermont Dept of Environmental Conservation,1VTDECWQ-503519,Malletts Bay - Lake Champlain,Lake,"Lake, Reservoir, Impoundment",4150408,https://www.waterqualitydata.us/provider/STORET/1VTDECWQ/1VTDECWQ-503519/,2785,2785,Vermont,Chittenden County,44.5819,-73.2811,USA-CAN,Lake / Lago / Lac,Lake Champlain,1117.76
STORET,1VTDECWQ,Vermont Dept of Environmental Conservation,1VTDECWQ-503506,Shelburne Bay - Lake Champlain,Lake,"Lake, Reservoir, Impoundment",4150408,https://www.waterqualitydata.us/provider/STORET/1VTDECWQ/1VTDECWQ-503506/,1878,1878,Vermont,Chittenden County,44.4258,-73.2319,USA-CAN,Lake / Lago / Lac,Lake Champlain,1117.76
STORET,1VTDECWQ,Vermont Dept of Environmental Conservation,1VTDECWQ-500459,Burlington Bay - Lake Champlain,Lake,"Lake, Reservoir, Impoundment",4150408,https://www.waterqualitydata.us/provider/STORET/1VTDECWQ/1VTDECWQ-500459/,1611,1611,Vermont,Chittenden County,44.4747,-73.2317,USA-CAN,Lake / Lago / Lac,Lake Champlain,1117.76
STORET,1VTDECWQ,Vermont Dept of Environmental Conservation,1VTDECWQ-503288,Southern Section - Lake Champlain,Lake,"Lake, Reservoir, Impoundment",4150408,https://www.waterqualitydata.us/provider/STORET/1VTDECWQ/1VTDECWQ-503288/,1214,1214,New York,Essex County,43.9517,-73.4078,USA-CAN,Lake / Lago / Lac,Lake Champlain,1117.76
STORET,1VTDECWQ,Vermont Dept of Environmental Conservation,1VTDECWQ-500468,Main Section - Lake Champlain,Lake,"Lake, Reservoir, Impoundment",4150408,https://www.waterqualitydata.us/provider/STORET/1VTDECWQ/1VTDECWQ-500468/,1015,1015,New York,Clinton County,44.7011,-73.4181,USA-CAN,Lake / Lago / Lac,Lake Champlain,1117.76
STORET,WI_MMSD,Milwaukee Metropolitan Sewerage District,WI_MMSD-OH-03,Milwaukee Harbor at Main Shipping Channel,Great Lake,"Lake, Reservoir, Impoundment",4060200,https://www.waterqualitydata.us/provider/STORET/WI_MMSD/WI_MMSD-OH-03/,1004,1004,Wisconsin,Milwaukee County,43.0261667,-87.8888332,USA,Lake / Lago / Lac,Lake Michigan,52823.50
STORET,1VTDECWQ,Vermont Dept of Environmental Conservation,1VTDECWQ-503535,Isle La Motte - Lake Champlain,Lake,"Lake, Reservoir, Impoundment",4150408,https://www.waterqualitydata.us/provider/STORET/1VTDECWQ/1VTDECWQ-503535/,982,982,New York,Clinton County,44.9483,-73.34,USA-CAN,Lake / Lago / Lac,Lake Champlain,1117.76
STORET,1VTDECWQ,Vermont Dept of Environmental Conservation,1VTDECWQ-503515,Missisquoi Bay - Lake Champlain,Lake,"Lake, Reservoir, Impoundment",4150408,https://www.waterqualitydata.us/provider/STORET/1VTDECWQ/1VTDECWQ-503515/,936,936,Vermont,Franklin County,45.0133,-73.1739,USA-CAN,Lake / Lago / Lac,Lake Champlain,1117.76
STORET,1VTDECWQ,Vermont Dept of Environmental Conservation,1VTDECWQ-503488,St. Albans Bay - Lake Champlain,Lake,"Lake, Reservoir, Impoundment",4150408,https://www.waterqualitydata.us/provider/STORET/1VTDECWQ/1VTDECWQ-503488/,896,896,Vermont,Franklin County,44.7853,-73.1622,USA-CAN,Lake / Lago / Lac,Lake Champlain,1117.76
STORET,WI_MMSD,Milwaukee Metropolitan Sewerage District,WI_MMSD-OH-01,Milwaukee River at mouth,Great Lake,"Lake, Reservoir, Impoundment",4040003,https://www.waterqualitydata.us/provider/STORET/WI_MMSD/WI_MMSD-OH-01/,879,879,Wisconsin,Milwaukee County,43.0254996,-87.8958612,USA,Lake / Lago / Lac,Lake Michigan,52823.50
STORET,WI_MMSD,Milwaukee Metropolitan Sewerage District,WI_MMSD-OH-07,Milwaukee Harbor at Main Entrance,Great Lake,"Lake, Reservoir, Impoundment",4060200,https://www.waterqualitydata.us/provider/STORET/WI_MMSD/WI_MMSD-OH-07/,879,879,Wisconsin,Milwaukee County,43.0261937,-87.8825002,USA,Lake / Lago / Lac,Lake Michigan,52823.50
STORET,WI_MMSD,Milwaukee Metropolitan Sewerage District,WI_MMSD-OH-14,Lake Michigan near Main Entrance,Great Lake,"Lake, Reservoir, Impoundment",4060200,https://www.waterqualitydata.us/provider/STORET/WI_MMSD/WI_MMSD-OH-14/,869,869,Wisconsin,Milwaukee County,43.0272777,-87.8634172,USA,Lake / Lago / Lac,Lake Michigan,52823.50
NWIS,USGS-NV,USGS Nevada Water Science Center,USGS-384200118431901,WALKER LAKE 3 CENTER NDOW,"Lake, Reservoir, Impoundment","Lake, Reservoir, Impoundment",16050304,https://www.waterqualitydata.us/provider/NWIS/USGS-NV/USGS-384200118431901/,868,933,Nevada,Mineral County,38.7,-118.7218056,USA,Lake / Lago / Lac,Walker Lake,142.54
NWIS,USGS-NV,USGS Nevada Water Science Center,USGS-383903118425301,WALKER LAKE 2 SOUTH NDOW,"Lake, Reservoir, Impoundment","Lake, Reservoir, Impoundment",16050304,https://www.waterqualitydata.us/provider/NWIS/USGS-NV/USGS-383903118425301/,759,823,Nevada,Mineral County,38.6508333,-118.7146944,USA,Lake / Lago / Lac,Walker Lake,142.54
STORET,WI_MMSD,Milwaukee Metropolitan Sewerage District,WI_MMSD-OH-11,Milwaukee Harbor South Half,Great Lake,"Lake, Reservoir, Impoundment",4060200,https://www.waterqualitydata.us/provider/STORET/WI_MMSD/WI_MMSD-OH-11/,720,720,Wisconsin,Milwaukee County,43.0144997,-87.8871392,USA,Lake / Lago / Lac,Lake Michigan,52823.50
NWIS,USGS-NV,USGS Nevada Water Science Center,USGS-384506118433001,WALKER LAKE 4 NORTH NDOW,"Lake, Reservoir, Impoundment","Lake, Reservoir, Impoundment",16050304,https://www.waterqualitydata.us/provider/NWIS/USGS-NV/USGS-384506118433001/,597,640,Nevada,Mineral County,38.7516944,-118.725,USA,Lake / Lago / Lac,Walker Lake,142.54
STORET,WI_MMSD,Milwaukee Metropolitan Sewerage District,WI_MMSD-OH-02,Milwaukee Harbor at Jones Island WRF Outfall,Great Lake,"Lake, Reservoir, Impoundment",4060200,https://www.waterqualitydata.us/provider/STORET/WI_MMSD/WI_MMSD-OH-02/,593,593,Wisconsin,Milwaukee County,43.0234997,-87.8940002,USA,Lake / Lago / Lac,Lake Michigan,52823.50
STORET,WI_MMSD,Milwaukee Metropolitan Sewerage District,WI_MMSD-OH-09,Milwaukee Harbor at South Entrance,Great Lake,"Lake, Reservoir, Impoundment",4060200,https://www.waterqualitydata.us/provider/STORET/WI_MMSD/WI_MMSD-OH-09/,591,591,Wisconsin,Milwaukee County,43.0083327,-87.8778332,USA,Lake / Lago / Lac,Lake Michigan,52823.50
STORET,WI_MMSD,Milwaukee Metropolitan Sewerage District,WI_MMSD-OH-05,Milwaukee Harbor at North Entrance,Great Lake,"Lake, Reservoir, Impoundment",4060200,https://www.waterqualitydata.us/provider/STORET/WI_MMSD/WI_MMSD-OH-05/,590,590,Wisconsin,Milwaukee County,43.0443326,-87.8813332,USA,Lake / Lago / Lac,Lake Michigan,52823.50
STORET,WI_MMSD,Milwaukee Metropolitan Sewerage District,WI_MMSD-OH-10,Milwaukee Harbor at South Shore Marina Entrance,Great Lake,"Lake, Reservoir, Impoundment",4060200,https://www.waterqualitydata.us/provider/STORET/WI_MMSD/WI_MMSD-OH-10/,590,590,Wisconsin,Milwaukee County,43.0023327,-87.8853332,USA,Lake / Lago / Lac,Lake Michigan,52823.50
STORET,WI_MMSD,Milwaukee Metropolitan Sewerage District,WI_MMSD-OH-12,Lake Michigan near North Entrance,Great Lake,"Lake, Reservoir, Impoundment",4060200,https://www.waterqualitydata.us/provider/STORET/WI_MMSD/WI_MMSD-OH-12/,579,579,Wisconsin,Milwaukee County,43.0445827,-87.8675282,USA,Lake / Lago / Lac,Lake Michigan,52823.50
STORET,WI_MMSD,Milwaukee Metropolitan Sewerage District,WI_MMSD-OH-13,Lake Michigan near South Entrance,Great Lake,"Lake, Reservoir, Impoundment",4060200,https://www.waterqualitydata.us/provider/STORET/WI_MMSD/WI_MMSD-OH-13/,579,579,Wisconsin,Milwaukee County,43.0091667,-87.8640002,USA,Lake / Lago / Lac,Lake Michigan,52823.50
STORET,WI_MMSD,Milwaukee Metropolitan Sewerage District,WI_MMSD-SS-01,Lake Michigan at South Shore WRF Outfall,Great Lake,"Lake, Reservoir, Impoundment",4060200,https://www.waterqualitydata.us/provider/STORET/WI_MMSD/WI_MMSD-SS-01/,576,576,Wisconsin,Milwaukee County,42.8911667,-87.8376674,USA,Lake / Lago / Lac,Lake Michigan,52823.50
STORET,1VTDECWQ,Vermont Dept of Environmental Conservation,1VTDECWQ-503498,Malletts Bay - Lake Champlain,Lake,"Lake, Reservoir, Impoundment",4150408,https://www.waterqualitydata.us/provider/STORET/1VTDECWQ/1VTDECWQ-503498/,573,573,Vermont,Chittenden County,44.565,-73.2083,USA-CAN,Lake / Lago / Lac,Lake Champlain,1117.76
STORET,WI_MMSD,Milwaukee Metropolitan Sewerage District,WI_MMSD-OH-04,Milwaukee Harbor North Half,Great Lake,"Lake, Reservoir, Impoundment",4060200,https://www.waterqualitydata.us/provider/STORET/WI_MMSD/WI_MMSD-OH-04/,480,480,Wisconsin,Milwaukee County,43.0377496,-87.8899722,USA,Lake / Lago / Lac,Lake Michigan,52823.50
STORET,1VTDECWQ,Vermont Dept of Environmental Conservation,1VTDECWQ-503409,Main Section - Lake Champlain,Lake,"Lake, Reservoir, Impoundment",4150408,https://www.waterqualitydata.us/provider/STORET/1VTDECWQ/1VTDECWQ-503409/,465,465,Vermont,Chittenden County,44.5461,-73.3275,USA-CAN,Lake / Lago / Lac,Lake Champlain,1117.76
STORET,EPA_GLNPO,EPA Great Lakes National Program,EPA_GLNPO-SU08M,SU08M,Great Lake,"Lake, Reservoir, Impoundment",4020300,https://www.waterqualitydata.us/provider/STORET/EPA_GLNPO/EPA_GLNPO-SU08M/,431,431,Michigan,Alger County,47.604076,-86.8181331,USA-CAN,Lake / Lago / Lac,Lake Superior,81837.10
STORET,WI_MMSD,Milwaukee Metropolitan Sewerage District,WI_MMSD-NS-03,Lake Michigan near South Milwaukee,Great Lake,"Lake, Reservoir, Impoundment",4060200,https://www.waterqualitydata.us/provider/STORET/WI_MMSD/WI_MMSD-NS-03/,412,412,Wisconsin,Milwaukee County,42.8966667,-87.7450005,USA,Lake / Lago / Lac,Lake Michigan,52823.50
STORET,EPA_GLNPO,EPA Great Lakes National Program,EPA_GLNPO-HU54M,HU54M,Great Lake,"Lake, Reservoir, Impoundment",4080300,https://www.waterqualitydata.us/provider/STORET/EPA_GLNPO/EPA_GLNPO-HU54M/,412,412,Michigan,Presque Isle County,45.5167058,-83.4167306,USA-CAN,Lake / Lago / Lac,Lake Huron,42496.70
STORET,EPA_GLNPO,EPA Great Lakes National Program,EPA_GLNPO-SU17M,SU17M,Great Lake,"Lake, Reservoir, Impoundment",4060200,https://www.waterqualitydata.us/provider/STORET/EPA_GLNPO/EPA_GLNPO-SU17M/,405,405,Michigan,Ontonagon County,47.1693323,-89.6584169,USA-CAN,Lake / Lago / Lac,Lake Superior,81837.10
STORET,EPA_GLNPO,EPA Great Lakes National Program,EPA_GLNPO-HU15M,HU15M,Great Lake,"Lake, Reservoir, Impoundment",4080300,https://www.waterqualitydata.us/provider/STORET/EPA_GLNPO/EPA_GLNPO-HU15M/,381,381,Michigan,Huron County,44.0000255,-82.3499001,USA-CAN,Lake / Lago / Lac,Lake Huron,42496.70
STORET,EPA_GLNPO,EPA Great Lakes National Program,EPA_GLNPO-HU45M,HU45M,Great Lake,"Lake, Reservoir, Impoundment",4080300,https://www.waterqualitydata.us/provider/STORET/EPA_GLNPO/EPA_GLNPO-HU45M/,378,378,Michigan,Alpena County,45.136655,-82.9832566,USA-CAN,Lake / Lago / Lac,Lake Huron,42496.70
STORET,1VTDECWQ,Vermont Dept of Environmental Conservation,1VTDECWQ-503547,Missisquoi Bay - Lake Champlain,Lake,"Lake, Reservoir, Impoundment",4150408,https://www.waterqualitydata.us/provider/STORET/1VTDECWQ/1VTDECWQ-503547/,370,370,Vermont,Franklin County,44.9758,-73.215,USA-CAN,Lake / Lago / Lac,Lake Champlain,1117.76
STORET,EPA_GLNPO,EPA Great Lakes National Program,EPA_GLNPO-SU01M,SU01M,Great Lake,"Lake, Reservoir, Impoundment",4020300,https://www.waterqualitydata.us/provider/STORET/EPA_GLNPO/EPA_GLNPO-SU01M/,357,357,Michigan,Chippewa County,46.9929937,-85.1616618,USA-CAN,Lake / Lago / Lac,Lake Superior,81837.10
STORET,WI_MMSD,Milwaukee Metropolitan Sewerage District,WI_MMSD-SS-07,Lake Michigan near South Shore WRF Outfall,Great Lake,"Lake, Reservoir, Impoundment",4060200,https://www.waterqualitydata.us/provider/STORET/WI_MMSD/WI_MMSD-SS-07/,353,353,Wisconsin,Milwaukee County,42.8884997,-87.8376674,USA,Lake / Lago / Lac,Lake Michigan,52823.50
STORET,1VTDECWQ,Vermont Dept of Environmental Conservation,1VTDECWQ-500666,Otter Creek Section - Lake Champlain,Lake,"Lake, Reservoir, Impoundment",4150408,https://www.waterqualitydata.us/provider/STORET/1VTDECWQ/1VTDECWQ-500666/,344,344,Vermont,Chittenden County,44.263,-73.287,USA-CAN,Lake / Lago / Lac,Lake Champlain,1117.76
NWIS,USGS-OR,USGS Oregon Water Science Center,USGS-422622122004000,MID-NORTH - LOWER  - MDNL,"Lake, Reservoir, Impoundment","Lake, Reservoir, Impoundment",18010203,https://www.waterqualitydata.us/provider/NWIS/USGS-OR/USGS-422622122004000/,343,343,Oregon,Klamath County,42.4391649,-122.0122388,USA,Lake / Lago / Lac,Upper Klamath Lake,228.51
NWIS,USGS-NV,USGS Nevada Water Science Center,USGS-384540118433001,WALKER LAKE NEAR MOUTH 1 USGS,"Lake, Reservoir, Impoundment","Lake, Reservoir, Impoundment",16050304,https://www.waterqualitydata.us/provider/NWIS/USGS-NV/USGS-384540118433001/,339,348,Nevada,Mineral County,38.7611889,-118.72505,USA,Lake / Lago / Lac,Walker Lake,142.54
STORET,EPA_GLNPO,EPA Great Lakes National Program,EPA_GLNPO-MI41M,MI41M,Great Lake,"Lake, Reservoir, Impoundment",4060200,https://www.waterqualitydata.us/provider/STORET/EPA_GLNPO/EPA_GLNPO-MI41M/,326,326,Michigan,Benzie County,44.7366805,-86.7218411,USA,Lake / Lago / Lac,Lake Michigan,52823.50
NWIS,USGS-OR,USGS Oregon Water Science Center,USGS-422305121553800,MID-TRENCH - LOWER   -  MDTL,"Lake, Reservoir, Impoundment","Lake, Reservoir, Impoundment",18010203,https://www.waterqualitydata.us/provider/NWIS/USGS-OR/USGS-422305121553800/,325,325,Oregon,Klamath County,42.3846892,-121.9286044,USA,Lake / Lago / Lac,Upper Klamath Lake,228.51
STORET,21FLSJWM,St.  Johns Water Management District (Florida),21FLSJWM-CLA,LAKE APOPKA CENTER STATION,Lake,"Lake, Reservoir, Impoundment",3080102,https://www.waterqualitydata.us/provider/STORET/21FLSJWM/21FLSJWM-CLA/,324,648,Florida,Orange County,28.6249722,-81.6249167,USA,Lake / Lago / Lac,Lake Apopka,124.66
STORET,EPA_GLNPO,EPA Great Lakes National Program,EPA_GLNPO-MI18M,MI18M,Great Lake,"Lake, Reservoir, Impoundment",4060200,https://www.waterqualitydata.us/provider/STORET/EPA_GLNPO/EPA_GLNPO-MI18M/,308,308,Michigan,Allegan County,42.7333456,-87.0001028,USA,Lake / Lago / Lac,Lake Michigan,52823.50
NWIS,USGS-OR,USGS Oregon Water Science Center,USGS-422719121571400,WILLIAMSON RIVER OUTLET - WMR,"Lake, Reservoir, Impoundment","Lake, Reservoir, Impoundment",18010203,https://www.waterqualitydata.us/provider/NWIS/USGS-OR/USGS-422719121571400/,307,307,Oregon,Klamath County,42.4552484,-121.9549039,USA,Lake / Lago / Lac,Upper Klamath Lake,228.51
STORET,1VTDECWQ,Vermont Dept of Environmental Conservation,1VTDECWQ-503536,Main Section - Lake Champlain,Lake,"Lake, Reservoir, Impoundment",4150408,https://www.waterqualitydata.us/provider/STORET/1VTDECWQ/1VTDECWQ-503536/,297,297,New York,Essex County,44.2683,-73.3122,USA-CAN,Lake / Lago / Lac,Lake Champlain,1117.76
STORET,WI_MMSD,Milwaukee Metropolitan Sewerage District,WI_MMSD-SS-11,Lake Michigan near South Shore WRF Outfall,Great Lake,"Lake, Reservoir, Impoundment",4060200,https://www.waterqualitydata.us/provider/STORET/WI_MMSD/WI_MMSD-SS-11/,292,292,Wisconsin,Milwaukee County,42.8911667,-87.8266674,USA,Lake / Lago / Lac,Lake Michigan,52823.50
STORET,WI_MMSD,Milwaukee Metropolitan Sewerage District,WI_MMSD-NS-01,Lake Michigan near Wind Point,Great Lake,"Lake, Reservoir, Impoundment",4060200,https://www.waterqualitydata.us/provider/STORET/WI_MMSD/WI_MMSD-NS-01/,288,288,Wisconsin,Racine County,42.7766668,-87.7016677,USA,Lake / Lago / Lac,Lake Michigan,52823.50
STORET,WI_MMSD,Milwaukee Metropolitan Sewerage District,WI_MMSD-NS-02,Lake Michigan near South Milwaukee,Great Lake,"Lake, Reservoir, Impoundment",4060200,https://www.waterqualitydata.us/provider/STORET/WI_MMSD/WI_MMSD-NS-02/,288,288,Wisconsin,Milwaukee County,42.8966667,-87.8050004,USA,Lake / Lago / Lac,Lake Michigan,52823.50
STORET,WI_MMSD,Milwaukee Metropolitan Sewerage District,WI_MMSD-NS-04,Lake Michigan near St Francis,Great Lake,"Lake, Reservoir, Impoundment",4060200,https://www.waterqualitydata.us/provider/STORET/WI_MMSD/WI_MMSD-NS-04/,288,288,Wisconsin,Milwaukee County,42.9666667,-87.8416673,USA,Lake / Lago / Lac,Lake Michigan,52823.50
STORET,WI_MMSD,Milwaukee Metropolitan Sewerage District,WI_MMSD-NS-05,Lake Michigan near St Francis,Great Lake,"Lake, Reservoir, Impoundment",4060200,https://www.waterqualitydata.us/provider/STORET/WI_MMSD/WI_MMSD-NS-05/,288,288,Wisconsin,Milwaukee County,42.9666667,-87.8066673,USA,Lake / Lago / Lac,Lake Michigan,52823.50
STORET,WI_MMSD,Milwaukee Metropolitan Sewerage District,WI_MMSD-NS-08,Lake Michigan near North Point,Great Lake,"Lake, Reservoir, Impoundment",4060200,https://www.waterqualitydata.us/provider/STORET/WI_MMSD/WI_MMSD-NS-08/,282,282,Wisconsin,Milwaukee County,43.0799997,-87.8050002,USA,Lake / Lago / Lac,Lake Michigan,52823.50
STORET,1VTDECWQ,Vermont Dept of Environmental Conservation,1VTDECWQ-501605,Northeast Arm - Lake Champlain,Lake,"Lake, Reservoir, Impoundment",4150408,https://www.waterqualitydata.us/provider/STORET/1VTDECWQ/1VTDECWQ-501605/,282,282,Vermont,Franklin County,44.9178,-73.1864,USA-CAN,Lake / Lago / Lac,Lake Champlain,1117.76
STORET,WI_MMSD,Milwaukee Metropolitan Sewerage District,WI_MMSD-NS-07,Lake Michigan near North Point,Great Lake,"Lake, Reservoir, Impoundment",4060200,https://www.waterqualitydata.us/provider/STORET/WI_MMSD/WI_MMSD-NS-07/,281,281,Wisconsin,Milwaukee County,43.0783326,-87.8466671,USA,Lake / Lago / Lac,Lake Michigan,52823.50
STORET,WI_MMSD,Milwaukee Metropolitan Sewerage District,WI_MMSD-NS-10,Lake Michigan near Fox Point,Great Lake,"Lake, Reservoir, Impoundment",4060200,https://www.waterqualitydata.us/provider/STORET/WI_MMSD/WI_MMSD-NS-10/,280,280,Wisconsin,Milwaukee County,43.1666667,-87.7450001,USA,Lake / Lago / Lac,Lake Michigan,52823.50
STORET,EPA_GLNPO,EPA Great Lakes National Program,EPA_GLNPO-MI27M,MI27M,Great Lake,"Lake, Reservoir, Impoundment",4060200,https://www.waterqualitydata.us/provider/STORET/EPA_GLNPO/EPA_GLNPO-MI27M/,277,277,Michigan,Oceana County,43.599889,-86.9166368,USA,Lake / Lago / Lac,Lake Michigan,52823.50
STORET,1VTDECWQ,Vermont Dept of Environmental Conservation,1VTDECWQ-503415,Port Henry Section - Lake Champlain,Lake,"Lake, Reservoir, Impoundment",4150408,https://www.waterqualitydata.us/provider/STORET/1VTDECWQ/1VTDECWQ-503415/,276,276,Vermont,Addison County,44.1842,-73.3811,USA-CAN,Lake / Lago / Lac,Lake Champlain,1117.76
STORET,EPA_GLNPO,EPA Great Lakes National Program,EPA_GLNPO-ON55M,ON55M,Great Lake,"Lake, Reservoir, Impoundment",4150200,https://www.waterqualitydata.us/provider/STORET/EPA_GLNPO/EPA_GLNPO-ON55M/,274,274,New York,Monroe County,43.4429051,-77.4384466,USA-CAN,Lake / Lago / Lac,Lake Ontario,18934.70
STORET,EPA_GLNPO,EPA Great Lakes National Program,EPA_GLNPO-ON33M,ON33M,Great Lake,"Lake, Reservoir, Impoundment",4150200,https://www.waterqualitydata.us/provider/STORET/EPA_GLNPO/EPA_GLNPO-ON33M/,270,270,New York,Niagara County,43.5966052,-78.7744143,USA-CAN,Lake / Lago / Lac,Lake Ontario,18934.70
STORET,EPA_GLNPO,EPA Great Lakes National Program,EPA_GLNPO-HU37,HU37,Great Lake,"Lake, Reservoir, Impoundment",4080300,https://www.waterqualitydata.us/provider/STORET/EPA_GLNPO/EPA_GLNPO-HU37/,258,258,Michigan,Alcona County,44.7616645,-82.7833463,USA-CAN,Lake / Lago / Lac,Lake Huron,42496.70
STORET,IDEQ_WQX,Idaho Department Of Environmental Quality DEQ,IDEQ_WQX-CRD,Cascade Reservoir at Dam,Lake,"Lake, Reservoir, Impoundment",17050123,https://www.waterqualitydata.us/provider/STORET/IDEQ_WQX/IDEQ_WQX-CRD/,257,257,Idaho,Valley County,44.669296,-116.101201,USA,Reservoir / Embalse / Reservoir,Cascade Reservoir,105.29
STORET,1VTDECWQ,Vermont Dept of Environmental Conservation,1VTDECWQ-503545,Northeast Arm - Lake Champlain,Lake,"Lake, Reservoir, Impoundment",4150408,https://www.waterqualitydata.us/provider/STORET/1VTDECWQ/1VTDECWQ-503545/,253,253,Vermont,Grand Isle County,44.8397,-73.2967,USA-CAN,Lake / Lago / Lac,Lake Champlain,1117.76
NWIS,USGS-OR,USGS Oregon Water Science Center,USGS-422042121513100,RATTLESNAKE POINT  -  RPT,"Lake, Reservoir, Impoundment","Lake, Reservoir, Impoundment",18010203,https://www.waterqualitydata.us/provider/NWIS/USGS-OR/USGS-422042121513100/,253,253,Oregon,Klamath County,42.344752,-121.8598427,USA,Lake / Lago / Lac,Upper Klamath Lake,228.51
STORET,EPA_GLNPO,EPA Great Lakes National Program,EPA_GLNPO-HU32,HU32,Great Lake,"Lake, Reservoir, Impoundment",4080300,https://www.waterqualitydata.us/provider/STORET/EPA_GLNPO/EPA_GLNPO-HU32/,252,252,Michigan,Iosco County,44.4531774,-82.3414734,USA-CAN,Lake / Lago / Lac,Lake Huron,42496.70
STORET,1VTDECWQ,Vermont Dept of Environmental Conservation,1VTDECWQ-503414,Southern Section - Lake Champlain,Lake,"Lake, Reservoir, Impoundment",4150408,https://www.waterqualitydata.us/provider/STORET/1VTDECWQ/1VTDECWQ-503414/,252,252,New York,Essex County,43.8558,-73.3828,USA-CAN,Lake / Lago / Lac,Lake Champlain,1117.76
STORET,1VTDECWQ,Vermont Dept of Environmental Conservation,1VTDECWQ-500591,Isle La Motte - Lake Champlain,Lake,"Lake, Reservoir, Impoundment",4150408,https://www.waterqualitydata.us/provider/STORET/1VTDECWQ/1VTDECWQ-500591/,252,252,Vermont,Grand Isle County,44.8457,-73.3112,USA-CAN,Lake / Lago / Lac,Lake Champlain,1117.76
STORET,KLAMATHTRIBES_WQX,Klamath Tribes (Tribal),KLAMATHTRIBES_WQX-KL0002,UPPER KLAMATH LAKE AT PELICAN MARINA,Lake,"Lake, Reservoir, Impoundment",18010203,https://www.waterqualitydata.us/provider/STORET/KLAMATHTRIBES_WQX/KLAMATHTRIBES_WQX-KL0002/,252,252,Oregon,Klamath County,42.2417222,-121.8223075,USA,Lake / Lago / Lac,Upper Klamath Lake,228.51
STORET,EPA_GLNPO,EPA Great Lakes National Program,EPA_GLNPO-SU03,SU03,Great Lake,"Lake, Reservoir, Impoundment",4120200,https://www.waterqualitydata.us/provider/STORET/EPA_GLNPO/EPA_GLNPO-SU03/,251,251,Michigan,Luce County,46.8944449,-85.8517028,USA-CAN,Lake / Lago / Lac,Lake Superior,81837.10
STORET,KLAMATHTRIBES_WQX,Klamath Tribes (Tribal),KLAMATHTRIBES_WQX-KL0003,UPPER KLAMATH LAKE AT NORTH BUCK ISLAND,Lake,"Lake, Reservoir, Impoundment",18010203,https://www.waterqualitydata.us/provider/STORET/KLAMATHTRIBES_WQX/KLAMATHTRIBES_WQX-KL0003/,251,251,Oregon,Klamath County,42.3083892,-121.8562235,USA,Lake / Lago / Lac,Upper Klamath Lake,228.51
STORET,EPA_GLNPO,EPA Great Lakes National Program,EPA_GLNPO-SU04,SU04,Great Lake,"Lake, Reservoir, Impoundment",4020300,https://www.waterqualitydata.us/provider/STORET/EPA_GLNPO/EPA_GLNPO-SU04/,250,250,Michigan,Alger County,47.2590481,-86.3481307,USA-CAN,Lake / Lago / Lac,Lake Superior,81837.10
STORET,EPA_GLNPO,EPA Great Lakes National Program,EPA_GLNPO-SU16,SU16,Great Lake,"Lake, Reservoir, Impoundment",4060200,https://www.waterqualitydata.us/provider/STORET/EPA_GLNPO/EPA_GLNPO-SU16/,250,250,Michigan,Ontonagon County,47.6214368,-89.4631586,USA-CAN,Lake / Lago / Lac,Lake Superior,81837.10
STORET,KLAMATHTRIBES_WQX,Klamath Tribes (Tribal),KLAMATHTRIBES_WQX-KL0004,UPPER KLAMATH LAKE AT WOCUS BAY,Lake,"Lake, Reservoir, Impoundment",18010203,https://www.waterqualitydata.us/provider/STORET/KLAMATHTRIBES_WQX/KLAMATHTRIBES_WQX-KL0004/,250,250,Oregon,Klamath County,42.3268901,-121.9199235,USA,Lake / Lago / Lac,Upper Klamath Lake,228.51
STORET,KLAMATHTRIBES_WQX,Klamath Tribes (Tribal),KLAMATHTRIBES_WQX-KL0005,UPPER KLAMATH LAKE AT MID-LAKE,Lake,"Lake, Reservoir, Impoundment",18010203,https://www.waterqualitydata.us/provider/STORET/KLAMATHTRIBES_WQX/KLAMATHTRIBES_WQX-KL0005/,250,250,Oregon,Klamath County,42.3690833,-121.8486956,USA,Lake / Lago / Lac,Upper Klamath Lake,228.51
STORET,KLAMATHTRIBES_WQX,Klamath Tribes (Tribal),KLAMATHTRIBES_WQX-KL0006,UPPER KLAMATH LAKE AT EAGLE RIDGE,Lake,"Lake, Reservoir, Impoundment",18010203,https://www.waterqualitydata.us/provider/STORET/KLAMATHTRIBES_WQX/KLAMATHTRIBES_WQX-KL0006/,250,250,Oregon,Klamath County,42.422083,-121.9432796,USA,Lake / Lago / Lac,Upper Klamath Lake,228.51
STORET,KLAMATHTRIBES_WQX,Klamath Tribes (Tribal),KLAMATHTRIBES_WQX-KL0007,UPPER KLAMATH LAKE AT SHOAL WATER BAY,Lake,"Lake, Reservoir, Impoundment",18010203,https://www.waterqualitydata.us/provider/STORET/KLAMATHTRIBES_WQX/KLAMATHTRIBES_WQX-KL0007/,250,250,Oregon,Klamath County,42.40725,-121.9630846,USA,Lake / Lago / Lac,Upper Klamath Lake,228.51
STORET,KLAMATHTRIBES_WQX,Klamath Tribes (Tribal),KLAMATHTRIBES_WQX-KL0008,UPPER KLAMATH LAKE AT MID-LAKE NORTH,Lake,"Lake, Reservoir, Impoundment",18010203,https://www.waterqualitydata.us/provider/STORET/KLAMATHTRIBES_WQX/KLAMATHTRIBES_WQX-KL0008/,249,249,Oregon,Klamath County,42.4413609,-121.9988346,USA,Lake / Lago / Lac,Upper Klamath Lake,228.51
STORET,WI_MMSD,Milwaukee Metropolitan Sewerage District,WI_MMSD-OH-16,Lake Michigan near South Shore Park,Great Lake,"Lake, Reservoir, Impoundment",4060200,https://www.waterqualitydata.us/provider/STORET/WI_MMSD/WI_MMSD-OH-16/,248,248,Wisconsin,Milwaukee County,42.9938327,-87.8750002,USA,Lake / Lago / Lac,Lake Michigan,52823.50
STORET,1VTDECWQ,Vermont Dept of Environmental Conservation,1VTDECWQ-503411,Main Section - Lake Champlain,Lake,"Lake, Reservoir, Impoundment",4150408,https://www.waterqualitydata.us/provider/STORET/1VTDECWQ/1VTDECWQ-503411/,248,248,Vermont,Chittenden County,44.4664,-73.2772,USA-CAN,Lake / Lago / Lac,Lake Champlain,1117.76
STORET,KLAMATHTRIBES_WQX,Klamath Tribes (Tribal),KLAMATHTRIBES_WQX-KL0009,UPPER KLAMATH LAKE AT COON POINT,Lake,"Lake, Reservoir, Impoundment",18010203,https://www.waterqualitydata.us/provider/STORET/KLAMATHTRIBES_WQX/KLAMATHTRIBES_WQX-KL0009/,248,248,Oregon,Klamath County,42.4357217,-122.0281956,USA,Lake / Lago / Lac,Upper Klamath Lake,228.51
STORET,EPA_GLNPO,EPA Great Lakes National Program,EPA_GLNPO-SU12,SU12,Great Lake,"Lake, Reservoir, Impoundment",4020300,https://www.waterqualitydata.us/provider/STORET/EPA_GLNPO/EPA_GLNPO-SU12/,247,247,Michigan,Keweenaw County,47.8341015,-88.0428143,USA-CAN,Lake / Lago / Lac,Lake Superior,81837.10
STORET,WI_MMSD,Milwaukee Metropolitan Sewerage District,WI_MMSD-OH-17,Lake Michigan near Bradford Beach,Great Lake,"Lake, Reservoir, Impoundment",4060200,https://www.waterqualitydata.us/provider/STORET/WI_MMSD/WI_MMSD-OH-17/,247,247,Wisconsin,Milwaukee County,43.0561666,-87.8708331,USA,Lake / Lago / Lac,Lake Michigan,52823.50
STORET,EPA_GLNPO,EPA Great Lakes National Program,EPA_GLNPO-HU09,HU09,Great Lake,"Lake, Reservoir, Impoundment",4080300,https://www.waterqualitydata.us/provider/STORET/EPA_GLNPO/EPA_GLNPO-HU09/,247,247,Michigan,Sanilac County,43.6306398,-82.2135197,USA-CAN,Lake / Lago / Lac,Lake Huron,42496.70
STORET,USACOEND,"US Army Corps of Engineers, Nashville District",USACOEND-3WOL20004,3WOL20004,Reservoir,"Lake, Reservoir, Impoundment",5130103,https://www.waterqualitydata.us/provider/STORET/USACOEND/USACOEND-3WOL20004/,245,251,Kentucky,Wayne County,36.93722,-84.90278,USA,Lake / Lago / Lac,Lake Cumberland,132.78
STORET,EPA_GLNPO,EPA Great Lakes National Program,EPA_GLNPO-SU10,SU10,Great Lake,"Lake, Reservoir, Impoundment",4120200,https://www.waterqualitydata.us/provider/STORET/EPA_GLNPO/EPA_GLNPO-SU10/,245,245,Michigan,Keweenaw County,47.51402,-87.5457514,USA-CAN,Lake / Lago / Lac,Lake Superior,81837.10
STORET,EPA_GLNPO,EPA Great Lakes National Program,EPA_GLNPO-SU13,SU13,Great Lake,"Lake, Reservoir, Impoundment",4020300,https://www.waterqualitydata.us/provider/STORET/EPA_GLNPO/EPA_GLNPO-SU13/,244,244,Michigan,Keweenaw County,48.239026,-88.5444124,USA-CAN,Lake / Lago / Lac,Lake Superior,81837.10
STORET,EPA_GLNPO,EPA Great Lakes National Program,EPA_GLNPO-SU14,SU14,Great Lake,"Lake, Reservoir, Impoundment",4060200,https://www.waterqualitydata.us/provider/STORET/EPA_GLNPO/EPA_GLNPO-SU14/,244,244,Michigan,Keweenaw County,47.7411876,-88.7371458,USA-CAN,Lake / Lago / Lac,Lake Superior,81837.10
STORET,EPA_GLNPO,EPA Great Lakes National Program,EPA_GLNPO-SU18,SU18,Great Lake,"Lake, Reservoir, Impoundment",4020300,https://www.waterqualitydata.us/provider/STORET/EPA_GLNPO/EPA_GLNPO-SU18/,244,244,Minnesota,Cook County,47.513822,-90.1504912,USA-CAN,Lake / Lago / Lac,Lake Superior,81837.10
STORET,EPA_GLNPO,EPA Great Lakes National Program,EPA_GLNPO-HU53,HU53,Great Lake,"Lake, Reservoir, Impoundment",4080300,https://www.waterqualitydata.us/provider/STORET/EPA_GLNPO/EPA_GLNPO-HU53/,244,244,Michigan,Presque Isle County,45.4499313,-82.9152053,USA-CAN,Lake / Lago / Lac,Lake Huron,42496.70
STORET,EPA_GLNPO,EPA Great Lakes National Program,EPA_GLNPO-SU19,SU19,Great Lake,"Lake, Reservoir, Impoundment",4020300,https://www.waterqualitydata.us/provider/STORET/EPA_GLNPO/EPA_GLNPO-SU19/,243,243,Minnesota,Cook County,47.3774959,-90.8369942,USA-CAN,Lake / Lago / Lac,Lake Superior,81837.10
STORET,EPA_GLNPO,EPA Great Lakes National Program,EPA_GLNPO-HU61,HU61,Great Lake,"Lake, Reservoir, Impoundment",4080300,https://www.waterqualitydata.us/provider/STORET/EPA_GLNPO/EPA_GLNPO-HU61/,243,243,Michigan,Presque Isle County,45.7498416,-83.9166383,USA-CAN,Lake / Lago / Lac,Lake Huron,42496.70
STORET,EPA_GLNPO,EPA Great Lakes National Program,EPA_GLNPO-HU27,HU27,Great Lake,"Lake, Reservoir, Impoundment",4080300,https://www.waterqualitydata.us/provider/STORET/EPA_GLNPO/EPA_GLNPO-HU27/,241,241,Michigan,Iosco County,44.1983715,-82.5034747,USA-CAN,Lake / Lago / Lac,Lake Huron,42496.70
STORET,EPA_GLNPO,EPA Great Lakes National Program,EPA_GLNPO-SU05,SU05,Great Lake,"Lake, Reservoir, Impoundment",4120200,https://www.waterqualitydata.us/provider/STORET/EPA_GLNPO/EPA_GLNPO-SU05/,240,240,Michigan,Alger County,46.7746609,-86.5452318,USA-CAN,Lake / Lago / Lac,Lake Superior,81837.10
STORET,TCEQMAIN,Texas Commission on Environmental Quality,TCEQMAIN-16747,CEDAR CK RESERVOIR ASHBY LANE,Reservoir,"Lake, Reservoir, Impoundment",12030107,https://www.waterqualitydata.us/provider/STORET/TCEQMAIN/TCEQMAIN-16747/,239,239,Texas,Henderson County,32.2436,-96.1372,USA,Reservoir / Embalse / Reservoir,Cedar Creek Reservoir,127.66
STORET,TCEQMAIN,Texas Commission on Environmental Quality,TCEQMAIN-15170,RICHLAND-CHAMBERS RESERVOIR,Reservoir,"Lake, Reservoir, Impoundment",12030109,https://www.waterqualitydata.us/provider/STORET/TCEQMAIN/TCEQMAIN-15170/,238,238,Texas,Navarro County,32.0412,-96.2075,USA,Reservoir / Embalse / Reservoir,Richland Chambers Reservoir,169.14
STORET,USACOEND,"US Army Corps of Engineers, Nashville District",USACOEND-3WOL20005,3WOL20005,Reservoir,"Lake, Reservoir, Impoundment",5130103,https://www.waterqualitydata.us/provider/STORET/USACOEND/USACOEND-3WOL20005/,222,228,Kentucky,Pulaski County,36.98167,-84.68472,USA,Lake / Lago / Lac,Lake Cumberland,132.78
STORET,1VTDECWQ,Vermont Dept of Environmental Conservation,1VTDECWQ-500670,Burlington Bay - Lake Champlain,Lake,"Lake, Reservoir, Impoundment",4150408,https://www.waterqualitydata.us/provider/STORET/1VTDECWQ/1VTDECWQ-500670/,201,201,Vermont,Chittenden County,44.4866,-73.2395,USA-CAN,Lake / Lago / Lac,Lake Champlain,1117.76
STORET,WI_MMSD,Milwaukee Metropolitan Sewerage District,WI_MMSD-SS-10,Lake Michigan near South Shore WRF Outfall,Great Lake,"Lake, Reservoir, Impoundment",4060200,https://www.waterqualitydata.us/provider/STORET/WI_MMSD/WI_MMSD-SS-10/,191,191,Wisconsin,Milwaukee County,42.8831667,-87.8376674,USA,Lake / Lago / Lac,Lake Michigan,52823.50
STORET,WI_MMSD,Milwaukee Metropolitan Sewerage District,WI_MMSD-SS-12,Lake Michigan near South Shore WRF Outfall,Great Lake,"Lake, Reservoir, Impoundment",4060200,https://www.waterqualitydata.us/provider/STORET/WI_MMSD/WI_MMSD-SS-12/,190,190,Wisconsin,Milwaukee County,42.8991667,-87.8376674,USA,Lake / Lago / Lac,Lake Michigan,52823.50
STORET,1VTDECWQ,Vermont Dept of Environmental Conservation,1VTDECWQ-502715,Queneska Island,Lake,"Lake, Reservoir, Impoundment",4150408,https://www.waterqualitydata.us/provider/STORET/1VTDECWQ/1VTDECWQ-502715/,187,187,New York,Essex County,43.9538,-73.4059,USA-CAN,Lake / Lago / Lac,Lake Champlain,1117.76
STORET,IDEQ_WQX,Idaho Department Of Environmental Quality DEQ,IDEQ_WQX-CRS,Cascade Reservoir a Sugar Loaf Island,Lake,"Lake, Reservoir, Impoundment",17050123,https://www.waterqualitydata.us/provider/STORET/IDEQ_WQX/IDEQ_WQX-CRS/,186,186,Idaho,Valley County,44.522055,-116.054721,USA,Reservoir / Embalse / Reservoir,Cascade Reservoir,105.29
STORET,CA_BVR,"Big Valley Band of Pomo Indians of the Big Valley Rancheria, California (Tribal)",CA_BVR-BVCL6,Tule Boat Launch (The Point),Lake,"Lake, Reservoir, Impoundment",18020116,https://www.waterqualitydata.us/provider/STORET/CA_BVR/CA_BVR-BVCL6/,182,182,California,Lake County,39.0268428,-122.8869,USA,Lake / Lago / Lac,Clear Lake,159.10
STORET,EPA_GLNPO,EPA Great Lakes National Program,EPA_GLNPO-MI47,MI47,Great Lake,"Lake, Reservoir, Impoundment",4060200,https://www.waterqualitydata.us/provider/STORET/EPA_GLNPO/EPA_GLNPO-MI47/,174,174,Wisconsin,Door County,45.178065,-86.3753453,USA,Lake / Lago / Lac,Lake Michigan,52823.50
STORET,EPA_GLNPO,EPA Great Lakes National Program,EPA_GLNPO-MI32,MI32,Great Lake,"Lake, Reservoir, Impoundment",4060200,https://www.waterqualitydata.us/provider/STORET/EPA_GLNPO/EPA_GLNPO-MI32/,172,172,Wisconsin,Manitowoc County,44.1400538,-87.2335155,USA,Lake / Lago / Lac,Lake Michigan,52823.50
STORET,EPA_GLNPO,EPA Great Lakes National Program,EPA_GLNPO-MI40,MI40,Great Lake,"Lake, Reservoir, Impoundment",4060200,https://www.waterqualitydata.us/provider/STORET/EPA_GLNPO/EPA_GLNPO-MI40/,171,171,Wisconsin,Door County,44.7599491,-86.966597,USA,Lake / Lago / Lac,Lake Michigan,52823.50
STORET,EPA_GLNPO,EPA Great Lakes National Program,EPA_GLNPO-MI34,MI34,Great Lake,"Lake, Reservoir, Impoundment",4060200,https://www.waterqualitydata.us/provider/STORET/EPA_GLNPO/EPA_GLNPO-MI34/,169,169,Michigan,Mason County,44.0901632,-86.7666323,USA,Lake / Lago / Lac,Lake Michigan,52823.50
STORET,1VTDECWQ,Vermont Dept of Environmental Conservation,1VTDECWQ-500421,Northeast Arm - Lake Champlain,Lake,"Lake, Reservoir, Impoundment",4150408,https://www.waterqualitydata.us/provider/STORET/1VTDECWQ/1VTDECWQ-500421/,169,169,Vermont,Chittenden County,44.63,-73.25,USA-CAN,Lake / Lago / Lac,Lake Champlain,1117.76
STORET,TCEQMAIN,Texas Commission on Environmental Quality,TCEQMAIN-10434,LAKE TAWAKONI MID LAKE NR DAM,Reservoir,"Lake, Reservoir, Impoundment",12010001,https://www.waterqualitydata.us/provider/STORET/TCEQMAIN/TCEQMAIN-10434/,169,169,Texas,Rains County,32.8275,-95.9225,USA,Lake / Lago / Lac,Lake Tawakoni,146.79
STORET,1VTDECWQ,Vermont Dept of Environmental Conservation,1VTDECWQ-503530,Northeast Arm - Lake Champlain,Lake,"Lake, Reservoir, Impoundment",4150408,https://www.waterqualitydata.us/provider/STORET/1VTDECWQ/1VTDECWQ-503530/,168,168,Vermont,Chittenden County,44.67,-73.23,USA-CAN,Lake / Lago / Lac,Lake Champlain,1117.76
STORET,EPA_GLNPO,EPA Great Lakes National Program,EPA_GLNPO-MI19,MI19,Great Lake,"Lake, Reservoir, Impoundment",4060200,https://www.waterqualitydata.us/provider/STORET/EPA_GLNPO/EPA_GLNPO-MI19/,167,167,Michigan,Ottawa County,42.8192322,-86.6015795,USA,Lake / Lago / Lac,Lake Michigan,52823.50
STORET,EPA_GLNPO,EPA Great Lakes National Program,EPA_GLNPO-MI11,MI11,Great Lake,"Lake, Reservoir, Impoundment",0,https://www.waterqualitydata.us/provider/STORET/EPA_GLNPO/EPA_GLNPO-MI11/,165,165,Michigan,Van Buren County,42.3825942,-87.000407,USA,Lake / Lago / Lac,Lake Michigan,52823.50
STORET,EPA_GLNPO,EPA Great Lakes National Program,EPA_GLNPO-MI23,MI23,Great Lake,"Lake, Reservoir, Impoundment",4060200,https://www.waterqualitydata.us/provider/STORET/EPA_GLNPO/EPA_GLNPO-MI23/,164,164,Michigan,Muskegon County,43.1335133,-86.9954094,USA,Lake / Lago / Lac,Lake Michigan,52823.50
STORET,EPA_GLNPO,EPA Great Lakes National Program,EPA_GLNPO-MI17,MI17,Great Lake,"Lake, Reservoir, Impoundment",4060200,https://www.waterqualitydata.us/provider/STORET/EPA_GLNPO/EPA_GLNPO-MI17/,162,162,Wisconsin,Racine County,42.7333528,-87.4167401,USA,Lake / Lago / Lac,Lake Michigan,52823.50
STORET,EPA_GLNPO,EPA Great Lakes National Program,EPA_GLNPO-ON60,ON60,Great Lake,"Lake, Reservoir, Impoundment",4150200,https://www.waterqualitydata.us/provider/STORET/EPA_GLNPO/EPA_GLNPO-ON60/,162,162,New York,Wayne County,43.5800132,-77.2025612,USA-CAN,Lake / Lago / Lac,Lake Ontario,18934.70
STORET,1VTDECWQ,Vermont Dept of Environmental Conservation,1VTDECWQ-503532,Northeast Arm - Lake Champlain,Lake,"Lake, Reservoir, Impoundment",4150408,https://www.waterqualitydata.us/provider/STORET/1VTDECWQ/1VTDECWQ-503532/,157,157,Vermont,Grand Isle County,44.755,-73.3111,USA-CAN,Lake / Lago / Lac,Lake Champlain,1117.76
STORET,EPA_GLNPO,EPA Great Lakes National Program,EPA_GLNPO-ER78M,ER78M,Great Lake,"Lake, Reservoir, Impoundment",4120200,https://www.waterqualitydata.us/provider/STORET/EPA_GLNPO/EPA_GLNPO-ER78M/,155,155,Ohio,Lake County,42.1167383,-81.2498986,USA-CAN,Lake / Lago / Lac,Lake Erie,25718.80
STORET,EPA_GLNPO,EPA Great Lakes National Program,EPA_GLNPO-ER63,ER63,Great Lake,"Lake, Reservoir, Impoundment",4120200,https://www.waterqualitydata.us/provider/STORET/EPA_GLNPO/EPA_GLNPO-ER63/,151,151,Pennsylvania,Erie County,42.4170078,-79.8001262,USA-CAN,Lake / Lago / Lac,Lake Erie,25718.80
STORET,CEDEN,California State Water Resources Control Board,CEDEN-KL0004,Upper Klamath Lake at Wocus Bay-KL0004,Reservoir,"Lake, Reservoir, Impoundment",18010203,https://www.waterqualitydata.us/provider/STORET/CEDEN/CEDEN-KL0004/,150,150,Oregon,Klamath County,42.3262,-121.921,USA,Lake / Lago / Lac,Upper Klamath Lake,228.51
STORET,CEDEN,California State Water Resources Control Board,CEDEN-KL0002,Upper Klamath Lake at Pelican Marina-KL0002,Reservoir,"Lake, Reservoir, Impoundment",18010203,https://www.waterqualitydata.us/provider/STORET/CEDEN/CEDEN-KL0002/,149,149,Oregon,Klamath County,42.2416,-121.823,USA,Lake / Lago / Lac,Upper Klamath Lake,228.51
STORET,CEDEN,California State Water Resources Control Board,CEDEN-KL0007,Upper Klamath Lake at Shoalwater Bay-KL0007,Reservoir,"Lake, Reservoir, Impoundment",18010203,https://www.waterqualitydata.us/provider/STORET/CEDEN/CEDEN-KL0007/,146,146,Oregon,Klamath County,42.4071,-121.964,USA,Lake / Lago / Lac,Upper Klamath Lake,228.51
STORET,CEDEN,California State Water Resources Control Board,CEDEN-KL0008,Upper Klamath Lake at Mid North-KL0008,Reservoir,"Lake, Reservoir, Impoundment",18010203,https://www.waterqualitydata.us/provider/STORET/CEDEN/CEDEN-KL0008/,146,146,Oregon,Klamath County,42.4412,-122,USA,Lake / Lago / Lac,Upper Klamath Lake,228.51
STORET,CEDEN,California State Water Resources Control Board,CEDEN-KL0003,Upper Klamath Lake at North Buck Island-KL0003,Reservoir,"Lake, Reservoir, Impoundment",18010203,https://www.waterqualitydata.us/provider/STORET/CEDEN/CEDEN-KL0003/,145,145,Oregon,Klamath County,42.3082,-121.857,USA,Lake / Lago / Lac,Upper Klamath Lake,228.51
STORET,CEDEN,California State Water Resources Control Board,CEDEN-KL0009,Upper Klamath Lake at Coon Point-KL0009,Reservoir,"Lake, Reservoir, Impoundment",18010203,https://www.waterqualitydata.us/provider/STORET/CEDEN/CEDEN-KL0009/,142,142,Oregon,Klamath County,42.4356,-122.029,USA,Lake / Lago / Lac,Upper Klamath Lake,228.51
STORET,CEDEN,California State Water Resources Control Board,CEDEN-KL0005,Upper Klamath Lake at Mid Lake-KL0005,Reservoir,"Lake, Reservoir, Impoundment",18010203,https://www.waterqualitydata.us/provider/STORET/CEDEN/CEDEN-KL0005/,141,141,Oregon,Klamath County,42.3689,-121.85,USA,Lake / Lago / Lac,Upper Klamath Lake,228.51
STORET,CEDEN,California State Water Resources Control Board,CEDEN-KL0006,Upper Klamath Lake at Eagle Ridge-KL0006,Reservoir,"Lake, Reservoir, Impoundment",18010203,https://www.waterqualitydata.us/provider/STORET/CEDEN/CEDEN-KL0006/,141,141,Oregon,Klamath County,42.4219,-121.944,USA,Lake / Lago / Lac,Upper Klamath Lake,228.51
STORET,TCEQMAIN,Texas Commission on Environmental Quality,TCEQMAIN-10404,TOLEDO BND RES AT OLD RIVER,Reservoir,"Lake, Reservoir, Impoundment",12010004,https://www.waterqualitydata.us/provider/STORET/TCEQMAIN/TCEQMAIN-10404/,140,140,Texas,Newton County,31.1677,-93.5785,USA,Reservoir / Embalse / Reservoir,Toledo Bend Reservoir,636.72
STORET,21FLSJWM,St.  Johns Water Management District (Florida),21FLSJWM-LAG,LAKE GEORGE AT M 9,Lake,"Lake, Reservoir, Impoundment",3080101,https://www.waterqualitydata.us/provider/STORET/21FLSJWM/21FLSJWM-LAG/,130,260,Florida,Volusia County,29.25495,-81.5911667,USA,Lake / Lago / Lac,Lake George,214.29
STORET,21MICH_WQX,Michigan DEQ,21MICH_WQX-060062,SAGINAW BAY ABOUT 9.5 MI.S.E.AU GRES RIVER MOUTH,Lake,"Lake, Reservoir, Impoundment",4080300,https://www.waterqualitydata.us/provider/STORET/21MICH_WQX/21MICH_WQX-060062/,130,130,Michigan,Arenac County,43.94167,-83.623892,USA,Lake / Lago / Lac,Lake Huron (Saginaw Bay),2976.93
STORET,1VTDECWQ,Vermont Dept of Environmental Conservation,1VTDECWQ-503533,Northeast Arm - Lake Champlain,Lake,"Lake, Reservoir, Impoundment",4150408,https://www.waterqualitydata.us/provider/STORET/1VTDECWQ/1VTDECWQ-503533/,130,130,Vermont,Franklin County,44.7583,-73.2211,USA-CAN,Lake / Lago / Lac,Lake Champlain,1117.76
STORET,EPA_GLNPO,EPA Great Lakes National Program,EPA_GLNPO-ER36,ER36,Great Lake,"Lake, Reservoir, Impoundment",4120200,https://www.waterqualitydata.us/provider/STORET/EPA_GLNPO/EPA_GLNPO-ER36/,129,129,Ohio,Lake County,41.9369946,-81.4790227,USA-CAN,Lake / Lago / Lac,Lake Erie,25718.80
STORET,1VTDECWQ,Vermont Dept of Environmental Conservation,1VTDECWQ-503528,Northeast Arm - Lake Champlain,Lake,"Lake, Reservoir, Impoundment",4150408,https://www.waterqualitydata.us/provider/STORET/1VTDECWQ/1VTDECWQ-503528/,129,129,Vermont,Grand Isle County,44.6647,-73.3033,USA-CAN,Lake / Lago / Lac,Lake Champlain,1117.76
STORET,EPA_GLNPO,EPA Great Lakes National Program,EPA_GLNPO-ER43,ER43,Great Lake,"Lake, Reservoir, Impoundment",4120200,https://www.waterqualitydata.us/provider/STORET/EPA_GLNPO/EPA_GLNPO-ER43/,128,128,Ohio,Cuyahoga County,41.8065243,-81.945008,USA-CAN,Lake / Lago / Lac,Lake Erie,25718.80
STORET,EPA_GLNPO,EPA Great Lakes National Program,EPA_GLNPO-ER73,ER73,Great Lake,"Lake, Reservoir, Impoundment",4120200,https://www.waterqualitydata.us/provider/STORET/EPA_GLNPO/EPA_GLNPO-ER73/,127,127,Ohio,Cuyahoga County,41.9776925,-81.7569617,USA-CAN,Lake / Lago / Lac,Lake Erie,25718.80
STORET,21MICH_WQX,Michigan DEQ,21MICH_WQX-320188,SAGINAW BAY ABOUT 9 MILES NORTH NORTHWEST SEBEWAING HARBOR,Lake,"Lake, Reservoir, Impoundment",4080300,https://www.waterqualitydata.us/provider/STORET/21MICH_WQX/21MICH_WQX-320188/,127,127,Michigan,Huron County,43.846948,-83.562505,USA,Lake / Lago / Lac,Lake Huron (Saginaw Bay),2976.93
STORET,21MICH_WQX,Michigan DEQ,21MICH_WQX-790134,SAGINAW BAY ABOUT 9 MI.W.S.W.SEBEWAING HARBOR,Lake,"Lake, Reservoir, Impoundment",4240002,https://www.waterqualitydata.us/provider/STORET/21MICH_WQX/21MICH_WQX-790134/,127,127,Michigan,Tuscola County,43.738337,-83.640837,USA,Lake / Lago / Lac,Lake Huron (Saginaw Bay),2976.93
STORET,21MICH_WQX,Michigan DEQ,21MICH_WQX-090252,SAGINAW BAY ABOUT 2.5 MILE NORTH OF SAGINAW RIVER MOUTH,Lake,"Lake, Reservoir, Impoundment",4080300,https://www.waterqualitydata.us/provider/STORET/21MICH_WQX/21MICH_WQX-090252/,126,126,Michigan,Bay County,43.684726,-83.84306,USA,Lake / Lago / Lac,Lake Huron (Saginaw Bay),2976.93
STORET,21MICH_WQX,Michigan DEQ,21MICH_WQX-320189,WILDFOWL BAY ABOUT 2.5 MILES NORTH NORTHWEST BAYPORT HARBOR,Lake,"Lake, Reservoir, Impoundment",4080300,https://www.waterqualitydata.us/provider/STORET/21MICH_WQX/21MICH_WQX-320189/,126,126,Michigan,Huron County,43.883337,-83.393059,USA,Lake / Lago / Lac,Lake Huron (Saginaw Bay),2976.93
STORET,WI_MMSD,Milwaukee Metropolitan Sewerage District,WI_MMSD-SS-05,Lake Michigan near South Shore WRF Outfall,Great Lake,"Lake, Reservoir, Impoundment",4060200,https://www.waterqualitydata.us/provider/STORET/WI_MMSD/WI_MMSD-SS-05/,125,125,Wisconsin,Milwaukee County,42.8938327,-87.8413334,USA,Lake / Lago / Lac,Lake Michigan,52823.50
STORET,WI_MMSD,Milwaukee Metropolitan Sewerage District,WI_MMSD-SS-06,Lake Michigan near South Shore WRF Outfall,Great Lake,"Lake, Reservoir, Impoundment",4060200,https://www.waterqualitydata.us/provider/STORET/WI_MMSD/WI_MMSD-SS-06/,125,125,Wisconsin,Milwaukee County,42.8938327,-87.8340004,USA,Lake / Lago / Lac,Lake Michigan,52823.50
STORET,WI_MMSD,Milwaukee Metropolitan Sewerage District,WI_MMSD-SS-08,Lake Michigan near South Shore WRF Outfall,Great Lake,"Lake, Reservoir, Impoundment",4060200,https://www.waterqualitydata.us/provider/STORET/WI_MMSD/WI_MMSD-SS-08/,125,125,Wisconsin,Milwaukee County,42.8884997,-87.8413334,USA,Lake / Lago / Lac,Lake Michigan,52823.50
STORET,WI_MMSD,Milwaukee Metropolitan Sewerage District,WI_MMSD-SS-09,Lake Michigan near South Shore WRF Outfall,Great Lake,"Lake, Reservoir, Impoundment",4060200,https://www.waterqualitydata.us/provider/STORET/WI_MMSD/WI_MMSD-SS-09/,125,125,Wisconsin,Milwaukee County,42.8884997,-87.8340004,USA,Lake / Lago / Lac,Lake Michigan,52823.50
STORET,21FLSJWM,St.  Johns Water Management District (Florida),21FLSJWM-NLA,LAKE APOPKA NORTH,Lake,"Lake, Reservoir, Impoundment",3080102,https://www.waterqualitydata.us/provider/STORET/21FLSJWM/21FLSJWM-NLA/,123,246,Florida,Orange County,28.6617222,-81.6046944,USA,Lake / Lago / Lac,Lake Apopka,124.66
STORET,21FLSJWM,St.  Johns Water Management District (Florida),21FLSJWM-SLA,Lk Apopka east of Apopka Spg mouth of Gourd,Lake,"Lake, Reservoir, Impoundment",3080102,https://www.waterqualitydata.us/provider/STORET/21FLSJWM/21FLSJWM-SLA/,122,244,Florida,Orange County,28.5674444,-81.6506111,USA,Lake / Lago / Lac,Lake Apopka,124.66
STORET,EPA_GLNPO,EPA Great Lakes National Program,EPA_GLNPO-ER32,ER32,Great Lake,"Lake, Reservoir, Impoundment",4120200,https://www.waterqualitydata.us/provider/STORET/EPA_GLNPO/EPA_GLNPO-ER32/,122,122,Ohio,Lake County,42.0816057,-81.0118507,USA-CAN,Lake / Lago / Lac,Lake Erie,25718.80
STORET,21MICH_WQX,Michigan DEQ,21MICH_WQX-090250,SAGINAW BAY ABOUT 8 MILE EAST OF PINCONNING RIVER,Lake,"Lake, Reservoir, Impoundment",4080300,https://www.waterqualitydata.us/provider/STORET/21MICH_WQX/21MICH_WQX-090250/,122,122,Michigan,Bay County,43.838059,-83.792781,USA,Lake / Lago / Lac,Lake Huron (Saginaw Bay),2976.93
STORET,TCEQMAIN,Texas Commission on Environmental Quality,TCEQMAIN-15169,RICHLAND-CHAMBERS RESERVOIR,Reservoir,"Lake, Reservoir, Impoundment",12030108,https://www.waterqualitydata.us/provider/STORET/TCEQMAIN/TCEQMAIN-15169/,121,121,Texas,Navarro County,31.9744,-96.1915,USA,Reservoir / Embalse / Reservoir,Richland Chambers Reservoir,169.14
STORET,21NEB001_WQX,Nebraska Department of Environment and Energy,21NEB001_WQX-LNP2MCCNHY01,Lake C.W. McConaughy -- Deep Water -- Site 01,Lake,"Lake, Reservoir, Impoundment",10180014,https://www.waterqualitydata.us/provider/STORET/21NEB001_WQX/21NEB001_WQX-LNP2MCCNHY01/,120,120,Nebraska,Keith County,41.22347,-101.68465,USA,Lake / Lago / Lac,Lake McConaughy,113.08
STORET,TCEQMAIN,Texas Commission on Environmental Quality,TCEQMAIN-15168,RICHLAND-CHAMBERS RESERVOIR,Reservoir,"Lake, Reservoir, Impoundment",12030108,https://www.waterqualitydata.us/provider/STORET/TCEQMAIN/TCEQMAIN-15168/,119,119,Texas,Freestone County,31.9688,-96.0966,USA,Reservoir / Embalse / Reservoir,Richland Chambers Reservoir,169.14
STORET,EPA_GLNPO,EPA Great Lakes National Program,EPA_GLNPO-ER58,ER58,Great Lake,"Lake, Reservoir, Impoundment",4120200,https://www.waterqualitydata.us/provider/STORET/EPA_GLNPO/EPA_GLNPO-ER58/,118,118,Ohio,Ottawa County,41.6867436,-82.9333097,USA-CAN,Lake / Lago / Lac,Lake Erie,25718.80
STORET,21MICH_WQX,Michigan DEQ,21MICH_WQX-060063,SAGINAW BAY ABOUT 4 MILE NORTHE. OF PINCONNING RIVER,Lake,"Lake, Reservoir, Impoundment",4080300,https://www.waterqualitydata.us/provider/STORET/21MICH_WQX/21MICH_WQX-060063/,117,117,Michigan,Arenac County,43.895281,-83.860559,USA,Lake / Lago / Lac,Lake Huron (Saginaw Bay),2976.93
STORET,21FLSFWM,South Florida Water Management District,21FLSFWM-L005,LAKE OKEECHOBEE TOWER WEST (#5),Lake,"Lake, Reservoir, Impoundment",3090201,https://www.waterqualitydata.us/provider/STORET/21FLSFWM/21FLSFWM-L005/,115,236,Florida,Glades County,26.9567303,-80.972385,USA,Lake / Lago / Lac,Lake Okeechobee,1470.65
STORET,21FLSFWM,South Florida Water Management District,21FLSFWM-L006,LAKE OKEECHOBEE TOWER SOUTH (#6),Lake,"Lake, Reservoir, Impoundment",3090201,https://www.waterqualitydata.us/provider/STORET/21FLSFWM/21FLSFWM-L006/,113,238,Florida,Palm Beach County,26.8217519,-80.7834206,USA,Lake / Lago / Lac,Lake Okeechobee,1470.65
STORET,21FLSFWM,South Florida Water Management District,21FLSFWM-KISSR0.0,MOUTH KISSIMMEE RIVER NEAR NORTH SIDE OF LAKE OKEECHOBEE,Lake,"Lake, Reservoir, Impoundment",3090201,https://www.waterqualitydata.us/provider/STORET/21FLSFWM/21FLSFWM-KISSR0.0/,113,236,Florida,Okeechobee County,27.1413008,-80.8460003,USA,Lake / Lago / Lac,Lake Okeechobee,1470.65
STORET,21FLSFWM,South Florida Water Management District,21FLSFWM-L001,LAKE OKEECHOBEE TOWER NORTH,Lake,"Lake, Reservoir, Impoundment",3090201,https://www.waterqualitydata.us/provider/STORET/21FLSFWM/21FLSFWM-L001/,113,226,Florida,Okeechobee County,27.1396175,-80.7890339,USA,Lake / Lago / Lac,Lake Okeechobee,1470.65
STORET,EPA_GLNPO,EPA Great Lakes National Program,EPA_GLNPO-ER59,ER59,Great Lake,"Lake, Reservoir, Impoundment",4120200,https://www.waterqualitydata.us/provider/STORET/EPA_GLNPO/EPA_GLNPO-ER59/,113,113,Ohio,Lucas County,41.7267116,-83.1501299,USA-CAN,Lake / Lago / Lac,Lake Erie,25718.80
STORET,21FLSFWM,South Florida Water Management District,21FLSFWM-LZ40,LZ40 WEATHER STATION ON LAKE OKEECHOBEE,Lake,"Lake, Reservoir, Impoundment",3090201,https://www.waterqualitydata.us/provider/STORET/21FLSFWM/21FLSFWM-LZ40/,112,237,Florida,Palm Beach County,26.9017372,-80.7892503,USA,Lake / Lago / Lac,Lake Okeechobee,1470.65
STORET,21FLSFWM,South Florida Water Management District,21FLSFWM-L003,"SAME AS Y PROJECT Y, L003 PRE 1990     SAMPLE PRESERVATION M",Lake,"Lake, Reservoir, Impoundment",3090201,https://www.waterqualitydata.us/provider/STORET/21FLSFWM/21FLSFWM-L003/,111,230,Florida,Martin County,27.0453925,-80.7079742,USA,Lake / Lago / Lac,Lake Okeechobee,1470.65
STORET,21FLSFWM,South Florida Water Management District,21FLSFWM-L004,"L.OKEE-CNTRL, 6.0 STATUTE MILES DUE WESTOF BOUY C#5 ADJACEN",Lake,"Lake, Reservoir, Impoundment",3090201,https://www.waterqualitydata.us/provider/STORET/21FLSFWM/21FLSFWM-L004/,110,236,Florida,Martin County,26.9776839,-80.7095817,USA,Lake / Lago / Lac,Lake Okeechobee,1470.65
STORET,21FLSFWM,South Florida Water Management District,21FLSFWM-PLN2OUT,NO DESCRIPTION AVAILABLE FOR THIS STATION,Lake,"Lake, Reservoir, Impoundment",3090201,https://www.waterqualitydata.us/provider/STORET/21FLSFWM/21FLSFWM-PLN2OUT/,110,234,Florida,Glades County,26.8660186,-80.9497142,USA,Lake / Lago / Lac,Lake Okeechobee,1470.65
STORET,21FLSFWM,South Florida Water Management District,21FLSFWM-LZ30,W LAKE OKEECHOBEE WATER QUALITY STATION,Lake,"Lake, Reservoir, Impoundment",3090201,https://www.waterqualitydata.us/provider/STORET/21FLSFWM/21FLSFWM-LZ30/,110,230,Florida,Palm Beach County,26.7969714,-80.8600947,USA,Lake / Lago / Lac,Lake Okeechobee,1470.65
STORET,EPA_GLNPO,EPA Great Lakes National Program,EPA_GLNPO-ER60,ER60,Great Lake,"Lake, Reservoir, Impoundment",4120200,https://www.waterqualitydata.us/provider/STORET/EPA_GLNPO/EPA_GLNPO-ER60/,110,110,Ohio,Lucas County,41.8915544,-83.1962388,USA-CAN,Lake / Lago / Lac,Lake Erie,25718.80
STORET,21FLSFWM,South Florida Water Management District,21FLSFWM-L008,"L.OKEE-CNTRL, 4.6 STATUTE MILES DUE EASTFROM (RED) MARKER A",Lake,"Lake, Reservoir, Impoundment",3090201,https://www.waterqualitydata.us/provider/STORET/21FLSFWM/21FLSFWM-L008/,109,230,Florida,Glades County,26.9571122,-80.8916922,USA,Lake / Lago / Lac,Lake Okeechobee,1470.65
STORET,TCEQMAIN,Texas Commission on Environmental Quality,TCEQMAIN-16748,CEDAR CK RES CANEY CREEK COVE,Reservoir,"Lake, Reservoir, Impoundment",12030107,https://www.waterqualitydata.us/provider/STORET/TCEQMAIN/TCEQMAIN-16748/,109,109,Texas,Henderson County,32.2017,-96.0689,USA,Reservoir / Embalse / Reservoir,Cedar Creek Reservoir,127.66
STORET,21FLSFWM,South Florida Water Management District,21FLSFWM-STAKEOUT,.25 MILES SW OF INDIAN PRARIE CANAL AND100 YARDS OUT FROM BU,Lake,"Lake, Reservoir, Impoundment",3090201,https://www.waterqualitydata.us/provider/STORET/21FLSFWM/21FLSFWM-STAKEOUT/,107,232,Florida,Glades County,27.0186564,-80.9396731,USA,Lake / Lago / Lac,Lake Okeechobee,1470.65
STORET,21FLSFWM,South Florida Water Management District,21FLSFWM-LZ42,SOUTHWEST LAKE OKEECHOBEE 2.5 MILES FROM LITTORAL ZONE,Lake,"Lake, Reservoir, Impoundment",3090201,https://www.waterqualitydata.us/provider/STORET/21FLSFWM/21FLSFWM-LZ42/,107,218,Florida,Glades County,26.8833622,-80.9169258,USA,Lake / Lago / Lac,Lake Okeechobee,1470.65
STORET,21FLSFWM,South Florida Water Management District,21FLSFWM-LZ42N,0.5 MILES OUT FROM LITTORAL ZONE ON N. W. SIDE OF LAKE OKEEC,Lake,"Lake, Reservoir, Impoundment",3090201,https://www.waterqualitydata.us/provider/STORET/21FLSFWM/21FLSFWM-LZ42N/,105,218,Florida,Glades County,27.0425919,-80.8907333,USA,Lake / Lago / Lac,Lake Okeechobee,1470.65
STORET,21FLSFWM,South Florida Water Management District,21FLSFWM-TREEOUT,100 YDS NE OF TREEMID IN LAKE ON WEST  SIDE OF LAKE,Lake,"Lake, Reservoir, Impoundment",3090201,https://www.waterqualitydata.us/provider/STORET/21FLSFWM/21FLSFWM-TREEOUT/,104,224,Florida,Glades County,26.9027386,-80.9633075,USA,Lake / Lago / Lac,Lake Okeechobee,1470.65
STORET,21FLSFWM,South Florida Water Management District,21FLSFWM-L002,LAKE OKEECHOBEE TOWER NORTH (#2),Lake,"Lake, Reservoir, Impoundment",3090201,https://www.waterqualitydata.us/provider/STORET/21FLSFWM/21FLSFWM-L002/,104,214,Florida,Okeechobee County,27.0827936,-80.7942472,USA,Lake / Lago / Lac,Lake Okeechobee,1470.65
STORET,21FLSFWM,South Florida Water Management District,21FLSFWM-RITAEAST,EAST SIDE OF RITTA ISLAND NEAR OUTER   BOAT CHANNEL MARKER,Lake,"Lake, Reservoir, Impoundment",3090201,https://www.waterqualitydata.us/provider/STORET/21FLSFWM/21FLSFWM-RITAEAST/,102,210,Florida,Palm Beach County,26.7161961,-80.7873492,USA,Lake / Lago / Lac,Lake Okeechobee,1470.65
